<?xml version="1.0"?>
<data grt_format="2.0">
  <value _ptr_="000001E972DF2570" type="list" content-type="object" content-struct-name="db.mgmt.Connection">
    <value type="object" struct-name="db.mgmt.Connection" id="{4FC8CB33-AAD7-4DF8-B144-2F7FDDA1D368}" struct-checksum="0x96ba47d8">
      <link type="object" struct-name="db.mgmt.Driver" key="driver">com.mysql.rdbms.mysql.driver.native</link>
      <value type="string" key="hostIdentifier">Mysql@localhost:3306</value>
      <value type="int" key="isDefault">1</value>
      <value _ptr_="000001E9782C3390" type="dict" key="modules"/>
      <value _ptr_="000001E9782C2490" type="dict" key="parameterValues">
        <value type="string" key="DbSqlEditor:LastDefaultSchema">ecci</value>
        <value type="string" key="SQL_MODE"></value>
        <value type="string" key="hostName">localhost</value>
        <value type="int" key="lastConnected">1534155199</value>
        <value type="string" key="password"></value>
        <value type="int" key="port">3306</value>
        <value type="string" key="serverVersion">5.7.22-log</value>
        <value type="string" key="sslCA"></value>
        <value type="string" key="sslCert"></value>
        <value type="string" key="sslCipher"></value>
        <value type="string" key="sslKey"></value>
        <value type="int" key="useSSL">1</value>
        <value type="string" key="userName">root</value>
      </value>
      <value type="string" key="name">Local instance MySQL57</value>
      <link type="object" struct-name="GrtObject" key="owner">{7A6B49D1-AC62-4E3D-8DA2-1ACF17959547}</link>
    </value>
    <value type="object" struct-name="db.mgmt.Connection" id="{E6E09876-860D-498A-95E6-19A4434451F0}" struct-checksum="0x96ba47d8">
      <link type="object" struct-name="db.mgmt.Driver" key="driver">com.mysql.rdbms.mysql.driver.native</link>
      <value type="string" key="hostIdentifier">Mysql@10.10.11.58:3306</value>
      <value type="int" key="isDefault">0</value>
      <value _ptr_="000001E9782C29D0" type="dict" key="modules"/>
      <value _ptr_="000001E9782C30F0" type="dict" key="parameterValues">
        <value type="string" key="SQL_MODE"></value>
        <value type="string" key="hostName">10.10.11.58</value>
        <value type="string" key="password"></value>
        <value type="int" key="port">3306</value>
        <value type="string" key="schema">mantisdb</value>
        <value type="string" key="sslCA"></value>
        <value type="string" key="sslCert"></value>
        <value type="string" key="sslCipher"></value>
        <value type="string" key="sslKey"></value>
        <value type="int" key="useSSL">1</value>
        <value type="string" key="userName">leandrobaena</value>
      </value>
      <value type="string" key="name">mantis</value>
      <link type="object" struct-name="GrtObject" key="owner">{7A6B49D1-AC62-4E3D-8DA2-1ACF17959547}</link>
    </value>
  </value>
</data>
