<?xml version="1.0"?>
<data grt_format="2.0">
  <value _ptr_="000001E972DF15B0" type="list" content-type="object" content-struct-name="db.mgmt.ServerInstance">
    <value type="object" struct-name="db.mgmt.ServerInstance" id="{AB4F518C-883F-47A7-A2A3-638E5AA47F8A}" struct-checksum="0x367436e2">
      <link type="object" struct-name="db.mgmt.Connection" key="connection">{4FC8CB33-AAD7-4DF8-B144-2F7FDDA1D368}</link>
      <value _ptr_="000001E9782C3210" type="dict" key="loginInfo">
        <value type="string" key="wmi.hostName"></value>
        <value type="string" key="wmi.userName"></value>
      </value>
      <value _ptr_="000001E9782C2130" type="dict" key="serverInfo">
        <value type="string" key="basedir">C:\Program Files\MySQL\MySQL Server 5.7\</value>
        <value type="string" key="datadir">C:\ProgramData\MySQL\MySQL Server 5.7\Data\</value>
        <value type="string" key="errorLogFilePath">LEANDRO-PC.err</value>
        <value type="string" key="generalLogFilePath">LEANDRO-PC.log</value>
        <value type="string" key="serverVersion">5.7.22-log</value>
        <value type="int" key="setupPending">1</value>
        <value type="int" key="slowLogEnabled">1</value>
        <value type="string" key="slowLogFilePath">LEANDRO-PC-slow.log</value>
        <value type="string" key="sys.config.path">C:\ProgramData\MySQL\MySQL Server 5.7\my.ini</value>
        <value type="int" key="sys.config.path.lock">1</value>
        <value type="string" key="sys.config.section">mysqld</value>
        <value type="string" key="sys.mysqld.service_name">MySQL57</value>
        <value type="string" key="sys.preset">Custom</value>
        <value type="string" key="sys.system">Windows</value>
        <value type="int" key="sys.usesudo">0</value>
        <value type="int" key="sys.usesudostatus">0</value>
        <value type="int" key="windowsAdmin">1</value>
      </value>
      <value type="string" key="name">Local MySQL57</value>
    </value>
    <value type="object" struct-name="db.mgmt.ServerInstance" id="{C3A3EC78-73DE-4FB3-BF27-4CBEB8B60082}" struct-checksum="0x367436e2">
      <link type="object" struct-name="db.mgmt.Connection" key="connection">{E6E09876-860D-498A-95E6-19A4434451F0}</link>
      <value _ptr_="000001E9782C33F0" type="dict" key="loginInfo"/>
      <value _ptr_="000001E9782C3450" type="dict" key="serverInfo">
        <value type="int" key="setupPending">1</value>
      </value>
      <value type="string" key="name">mantis</value>
    </value>
  </value>
</data>
